aoi_name,screen_x_min,screen_y_min,screen_x_max,screen_y_max,vid_x_min,vid_y_min,vid_x_max,vid_y_max,screen_x_min_std,screen_y_min_std,video_file,trait,level
chin,744.8,517.1,1163.4,809.5,467.9,341.7,802.7,575.6,9.8,9.6,7QeVs-mXmcI.003.mp4,agreeableness,high
forehead,740.9,326.7,1166.9,692.8,464.7,189.4,805.5,482.2,12.4,7.3,7QeVs-mXmcI.003.mp4,agreeableness,high
left_cheek,770.0,526.8,904.2,692.6,488.0,349.5,595.3,482.1,7.7,18.0,7QeVs-mXmcI.003.mp4,agreeableness,high
left_eye,788.1,402.5,934.1,506.9,502.5,250.0,619.3,333.6,11.6,14.2,7QeVs-mXmcI.003.mp4,agreeableness,high
mouth,892.7,642.6,1046.0,734.8,586.2,442.1,708.8,515.8,20.0,9.7,7QeVs-mXmcI.003.mp4,agreeableness,high
nose,917.7,466.1,1026.4,616.1,606.1,300.9,693.1,420.9,14.2,7.8,7QeVs-mXmcI.003.mp4,agreeableness,high
right_cheek,1034.0,526.7,1154.0,689.6,699.2,349.4,795.2,479.7,10.2,15.2,7QeVs-mXmcI.003.mp4,agreeableness,high
right_eye,1004.1,403.8,1136.3,507.2,675.3,251.0,781.1,333.8,13.2,12.3,7QeVs-mXmcI.003.mp4,agreeableness,high
chin,774.4,520.9,1161.0,823.7,491.5,344.8,800.8,587.0,47.1,15.9,KGRUaRe3r7I.001.mp4,agreeableness,high
forehead,761.0,340.4,1161.8,696.5,480.8,200.3,801.5,485.2,38.6,15.9,KGRUaRe3r7I.001.mp4,agreeableness,high
left_cheek,783.2,545.4,894.9,708.3,498.6,364.3,587.9,494.6,25.8,14.1,KGRUaRe3r7I.001.mp4,agreeableness,high
left_eye,790.2,424.9,915.2,521.0,504.2,267.9,604.2,344.8,26.4,16.3,KGRUaRe3r7I.001.mp4,agreeableness,high
mouth,893.2,659.2,1041.8,756.7,586.6,455.4,705.4,533.4,24.0,23.5,KGRUaRe3r7I.001.mp4,agreeableness,high
nose,897.8,478.9,1011.0,631.1,590.3,311.1,680.8,432.8,33.3,17.9,KGRUaRe3r7I.001.mp4,agreeableness,high
right_cheek,1013.6,521.5,1138.7,689.9,682.9,345.2,783.0,479.9,27.8,18.2,KGRUaRe3r7I.001.mp4,agreeableness,high
right_eye,974.8,406.6,1108.9,506.3,651.9,253.3,759.1,333.1,35.6,21.9,KGRUaRe3r7I.001.mp4,agreeableness,high
chin,778.1,507.3,1170.7,819.8,494.5,333.9,808.6,583.8,15.9,11.0,MvWDky9ZaWU.000.mp4,agreeableness,high
forehead,774.7,333.6,1174.6,679.0,491.7,194.9,811.7,471.2,14.8,9.0,MvWDky9ZaWU.000.mp4,agreeableness,high
left_cheek,784.6,517.7,895.7,687.9,499.7,342.2,588.6,478.3,10.3,11.8,MvWDky9ZaWU.000.mp4,agreeableness,high
left_eye,800.9,409.8,925.8,503.9,512.7,255.8,612.7,331.1,14.3,12.1,MvWDky9ZaWU.000.mp4,agreeableness,high
mouth,875.0,673.1,1029.3,751.6,572.0,466.5,695.4,529.3,11.8,12.8,MvWDky9ZaWU.000.mp4,agreeableness,high
nose,893.2,479.0,1008.0,641.3,586.6,311.2,678.4,441.0,14.9,10.0,MvWDky9ZaWU.000.mp4,agreeableness,high
right_cheek,1017.1,538.4,1147.5,705.2,685.7,358.7,790.0,492.1,13.7,12.7,MvWDky9ZaWU.000.mp4,agreeableness,high
right_eye,993.6,423.2,1133.3,512.5,666.8,266.6,778.6,338.0,18.2,11.9,MvWDky9ZaWU.000.mp4,agreeableness,high
chin,770.0,524.7,1162.6,813.1,488.0,347.7,802.1,578.5,9.4,13.8,VZ6jhnbk-5g.004.mp4,agreeableness,high
forehead,768.6,338.4,1164.6,694.6,486.9,198.7,803.6,483.7,7.7,6.1,VZ6jhnbk-5g.004.mp4,agreeableness,high
left_cheek,779.8,522.3,893.1,684.4,495.8,345.9,586.5,475.5,5.1,8.7,VZ6jhnbk-5g.004.mp4,agreeableness,high
left_eye,800.2,413.8,924.9,505.1,512.2,259.0,611.9,332.0,4.6,9.3,VZ6jhnbk-5g.004.mp4,agreeableness,high
mouth,862.5,646.3,1034.3,734.7,562.0,445.1,699.5,515.8,9.2,9.2,VZ6jhnbk-5g.004.mp4,agreeableness,high
nose,892.7,477.1,1004.6,628.3,586.1,309.7,675.6,430.6,7.5,6.3,VZ6jhnbk-5g.004.mp4,agreeableness,high
right_cheek,1013.8,538.4,1139.7,701.1,683.1,358.7,783.7,488.9,5.8,9.6,VZ6jhnbk-5g.004.mp4,agreeableness,high
right_eye,990.1,425.0,1124.8,512.8,664.0,268.0,771.8,338.2,7.6,8.8,VZ6jhnbk-5g.004.mp4,agreeableness,high
chin,760.5,513.6,1154.4,793.1,480.4,338.9,795.5,562.5,12.3,8.0,l3RE0rN7oEg.003.mp4,agreeableness,high
forehead,759.6,334.4,1158.2,674.5,479.7,195.5,798.5,467.6,12.0,9.1,l3RE0rN7oEg.003.mp4,agreeableness,high
left_cheek,777.4,516.1,896.6,673.3,493.9,340.9,589.3,466.6,10.2,9.7,l3RE0rN7oEg.003.mp4,agreeableness,high
left_eye,802.2,402.6,931.6,502.1,513.8,250.1,617.3,329.7,11.1,11.3,l3RE0rN7oEg.003.mp4,agreeableness,high
mouth,871.1,639.8,1029.2,726.6,568.8,439.9,695.3,509.3,13.9,12.1,l3RE0rN7oEg.003.mp4,agreeableness,high
nose,901.6,470.3,1008.6,623.8,593.3,304.2,678.9,427.0,14.1,10.0,l3RE0rN7oEg.003.mp4,agreeableness,high
right_cheek,1016.7,532.0,1137.3,686.3,685.4,353.6,781.8,477.0,12.3,8.8,l3RE0rN7oEg.003.mp4,agreeableness,high
right_eye,993.3,410.4,1120.6,508.1,666.6,256.3,768.5,334.5,14.6,12.0,l3RE0rN7oEg.003.mp4,agreeableness,high
chin,777.9,503.0,1134.3,788.5,494.4,330.4,779.5,558.8,19.1,21.0,1RMdiCbNNh4.003.mp4,agreeableness,low
forehead,772.5,353.2,1138.6,679.8,490.0,210.6,782.9,471.9,14.1,18.0,1RMdiCbNNh4.003.mp4,agreeableness,low
left_cheek,791.0,523.0,902.1,673.2,504.8,346.4,593.7,466.6,18.2,32.1,1RMdiCbNNh4.003.mp4,agreeableness,low
left_eye,803.4,416.6,924.5,514.4,514.7,261.3,611.6,339.6,20.2,31.1,1RMdiCbNNh4.003.mp4,agreeableness,low
mouth,883.7,632.1,1035.5,712.1,579.0,433.7,700.4,497.7,31.5,16.9,1RMdiCbNNh4.003.mp4,agreeableness,low
nose,906.7,479.6,1008.7,617.2,597.4,311.7,679.0,421.7,17.6,18.7,1RMdiCbNNh4.003.mp4,agreeableness,low
right_cheek,1010.5,525.7,1120.0,673.4,680.4,348.6,768.0,466.7,12.8,22.7,1RMdiCbNNh4.003.mp4,agreeableness,low
right_eye,982.4,422.0,1104.2,515.2,657.9,265.6,755.4,340.2,21.3,19.5,1RMdiCbNNh4.003.mp4,agreeableness,low
chin,762.0,478.5,1146.1,801.7,481.6,310.8,788.9,569.3,17.5,15.3,7UQt8QB3cQY.004.mp4,agreeableness,low
forehead,761.8,323.2,1162.0,678.3,481.4,186.6,801.6,470.6,17.3,20.7,7UQt8QB3cQY.004.mp4,agreeableness,low
left_cheek,777.7,491.0,900.4,658.9,494.1,320.8,592.4,455.1,15.3,17.6,7UQt8QB3cQY.004.mp4,agreeableness,low
left_eye,814.3,383.4,948.1,499.0,523.4,234.7,630.5,327.2,22.8,22.0,7UQt8QB3cQY.004.mp4,agreeableness,low
mouth,855.8,631.8,1013.1,728.6,556.6,433.5,682.5,510.9,21.1,26.6,7UQt8QB3cQY.004.mp4,agreeableness,low
nose,901.7,476.8,1009.0,623.5,593.3,309.4,679.2,426.8,23.1,19.9,7UQt8QB3cQY.004.mp4,agreeableness,low
right_cheek,1020.8,546.9,1135.1,701.5,688.7,365.6,780.1,489.2,20.0,20.0,7UQt8QB3cQY.004.mp4,agreeableness,low
right_eye,1007.3,425.5,1139.9,526.5,677.8,268.4,783.9,349.2,19.1,28.0,7UQt8QB3cQY.004.mp4,agreeableness,low
chin,759.7,463.8,1164.0,778.7,479.7,299.1,803.2,551.0,10.6,8.9,DTZeyoKUPx4.005.mp4,agreeableness,low
forehead,753.6,334.3,1167.9,638.4,474.9,195.4,806.3,438.8,7.0,5.8,DTZeyoKUPx4.005.mp4,agreeableness,low
left_cheek,777.4,510.9,902.3,672.6,493.9,336.7,593.9,466.1,5.6,15.9,DTZeyoKUPx4.005.mp4,agreeableness,low
left_eye,787.2,413.2,923.9,504.9,501.8,258.6,611.1,331.9,13.5,18.3,DTZeyoKUPx4.005.mp4,agreeableness,low
mouth,896.2,653.0,1035.4,721.2,589.0,450.4,700.4,504.9,18.0,6.8,DTZeyoKUPx4.005.mp4,agreeableness,low
nose,905.4,487.3,1022.9,632.6,596.4,317.8,690.3,434.1,9.1,7.1,DTZeyoKUPx4.005.mp4,agreeableness,low
right_cheek,1023.6,505.9,1147.7,668.9,690.9,332.7,790.2,463.1,7.3,22.1,DTZeyoKUPx4.005.mp4,agreeableness,low
right_eye,998.2,410.4,1135.6,502.6,670.6,256.4,780.5,330.1,13.0,12.4,DTZeyoKUPx4.005.mp4,agreeableness,low
chin,726.8,484.5,1151.8,814.5,453.4,315.6,793.5,579.6,27.7,16.3,NBacfF-K2eQ.004.mp4,agreeableness,low
forehead,723.9,299.7,1167.9,693.7,451.2,167.7,806.3,483.0,27.7,14.9,NBacfF-K2eQ.004.mp4,agreeableness,low
left_cheek,747.2,489.0,879.1,670.2,469.8,319.2,575.3,464.2,28.4,22.2,NBacfF-K2eQ.004.mp4,agreeableness,low
left_eye,781.6,353.3,930.9,483.3,497.2,210.7,616.7,314.7,37.8,21.1,NBacfF-K2eQ.004.mp4,agreeableness,low
mouth,847.9,635.5,1006.6,740.0,550.3,436.4,677.3,520.0,31.8,29.4,NBacfF-K2eQ.004.mp4,agreeableness,low
nose,886.4,451.8,1005.2,611.6,581.1,289.5,676.2,417.3,44.0,19.8,NBacfF-K2eQ.004.mp4,agreeableness,low
right_cheek,1017.6,538.2,1141.2,706.9,686.1,358.5,784.9,493.5,41.0,21.0,NBacfF-K2eQ.004.mp4,agreeableness,low
right_eye,999.0,385.8,1140.8,515.3,671.2,236.6,784.6,340.2,48.4,19.0,NBacfF-K2eQ.004.mp4,agreeableness,low
chin,744.9,513.6,1216.4,885.3,467.9,338.9,845.1,636.2,49.4,24.9,TmyDT-HC3qI.001.mp4,agreeableness,low
forehead,736.3,303.7,1219.7,717.6,461.1,170.9,847.8,502.1,39.7,21.5,TmyDT-HC3qI.001.mp4,agreeableness,low
left_cheek,763.4,531.9,899.6,734.0,482.7,353.5,591.7,515.2,27.6,22.4,TmyDT-HC3qI.001.mp4,agreeableness,low
left_eye,786.8,390.0,934.3,504.9,501.5,240.0,619.5,331.9,22.8,26.0,TmyDT-HC3qI.001.mp4,agreeableness,low
mouth,880.4,666.9,1058.7,797.2,576.3,461.5,719.0,565.8,32.0,28.7,TmyDT-HC3qI.001.mp4,agreeableness,low
nose,906.2,467.4,1031.2,645.8,596.9,301.9,697.0,444.6,35.2,23.2,TmyDT-HC3qI.001.mp4,agreeableness,low
right_cheek,1041.1,530.2,1187.0,735.8,704.9,352.2,821.6,516.6,30.6,22.6,TmyDT-HC3qI.001.mp4,agreeableness,low
right_eye,1005.6,388.9,1160.8,501.9,676.5,239.1,800.7,329.6,35.0,25.1,TmyDT-HC3qI.001.mp4,agreeableness,low
chin,715.5,529.5,1094.1,819.7,444.4,351.6,747.3,583.7,11.9,4.9,8gvBbE6iZNo.005.mp4,conscientiousness,high
forehead,715.5,339.0,1109.0,688.5,444.4,199.2,759.2,478.8,11.9,4.8,8gvBbE6iZNo.005.mp4,conscientiousness,high
left_cheek,768.5,531.7,910.7,704.1,486.8,353.4,600.5,491.2,7.6,4.6,8gvBbE6iZNo.005.mp4,conscientiousness,high
left_eye,801.0,418.4,948.6,508.6,512.8,262.7,630.9,334.9,6.1,5.7,8gvBbE6iZNo.005.mp4,conscientiousness,high
mouth,890.2,668.3,1020.1,742.4,584.2,462.6,688.0,521.9,9.9,8.1,8gvBbE6iZNo.005.mp4,conscientiousness,high
nose,921.7,477.7,1023.8,631.4,609.4,310.2,691.0,433.1,7.8,5.5,8gvBbE6iZNo.005.mp4,conscientiousness,high
right_cheek,1019.0,542.2,1107.6,704.8,687.2,361.8,758.1,491.8,6.1,5.7,8gvBbE6iZNo.005.mp4,conscientiousness,high
right_eye,994.9,427.3,1103.6,516.4,667.9,269.8,754.9,341.1,5.8,5.5,8gvBbE6iZNo.005.mp4,conscientiousness,high
chin,770.1,512.5,1162.5,807.9,488.1,338.0,802.0,574.3,14.1,11.7,IzKWDY_QNTU.000.mp4,conscientiousness,high
forehead,764.0,335.9,1163.7,682.4,483.2,196.7,803.0,473.9,15.4,9.9,IzKWDY_QNTU.000.mp4,conscientiousness,high
left_cheek,783.4,536.2,900.9,694.4,498.7,356.9,592.7,483.5,5.9,9.7,IzKWDY_QNTU.000.mp4,conscientiousness,high
left_eye,793.8,418.6,920.9,513.0,507.0,262.9,608.7,338.4,7.0,11.2,IzKWDY_QNTU.000.mp4,conscientiousness,high
mouth,888.9,649.2,1051.6,734.6,583.1,447.3,713.3,515.7,14.1,12.4,IzKWDY_QNTU.000.mp4,conscientiousness,high
nose,908.2,474.8,1022.6,626.3,598.6,307.8,690.1,429.0,12.9,13.2,IzKWDY_QNTU.000.mp4,conscientiousness,high
right_cheek,1026.4,516.3,1146.5,680.2,693.1,341.0,789.2,472.1,6.8,13.4,IzKWDY_QNTU.000.mp4,conscientiousness,high
right_eye,993.5,401.3,1127.3,501.4,666.8,249.0,773.8,329.1,7.2,13.9,IzKWDY_QNTU.000.mp4,conscientiousness,high
chin,793.1,488.2,1211.5,829.4,506.5,318.6,841.2,591.5,19.5,20.8,OLFhKCgexRU.000.mp4,conscientiousness,high
forehead,769.4,309.0,1211.6,709.3,487.5,175.2,841.2,495.5,19.7,10.0,OLFhKCgexRU.000.mp4,conscientiousness,high
left_cheek,785.2,546.8,892.7,718.2,500.2,365.5,586.2,502.6,11.7,22.2,OLFhKCgexRU.000.mp4,conscientiousness,high
left_eye,783.3,409.8,911.1,521.7,498.6,255.8,600.9,345.3,14.4,17.3,OLFhKCgexRU.000.mp4,conscientiousness,high
mouth,897.0,653.4,1071.7,764.8,589.6,450.7,729.4,539.8,24.3,15.7,OLFhKCgexRU.000.mp4,conscientiousness,high
nose,899.1,468.5,1010.0,628.2,591.3,302.8,680.0,430.6,13.6,9.2,OLFhKCgexRU.000.mp4,conscientiousness,high
right_cheek,1022.3,498.7,1177.3,685.2,689.9,327.0,813.9,476.2,10.4,25.9,OLFhKCgexRU.000.mp4,conscientiousness,high
right_eye,967.7,371.0,1125.3,494.9,646.1,224.8,772.2,323.9,18.2,15.8,OLFhKCgexRU.000.mp4,conscientiousness,high
chin,767.0,502.3,1190.4,826.4,485.6,329.8,824.3,589.1,20.6,27.4,UWVOT3YPQH4.001.mp4,conscientiousness,high
forehead,754.9,320.6,1190.7,721.2,475.9,184.5,824.5,505.0,21.8,13.1,UWVOT3YPQH4.001.mp4,conscientiousness,high
left_cheek,780.5,553.4,906.3,726.3,496.4,370.7,597.1,509.0,20.9,19.4,UWVOT3YPQH4.001.mp4,conscientiousness,high
left_eye,781.7,423.0,918.6,527.9,497.3,266.4,606.9,350.4,25.7,21.6,UWVOT3YPQH4.001.mp4,conscientiousness,high
mouth,912.5,652.7,1078.9,750.0,602.0,450.1,735.1,528.0,36.5,22.8,UWVOT3YPQH4.001.mp4,conscientiousness,high
nose,919.1,475.6,1035.2,628.3,607.3,308.5,700.2,430.6,33.9,15.7,UWVOT3YPQH4.001.mp4,conscientiousness,high
right_cheek,1038.0,504.8,1172.2,684.0,702.4,331.8,809.8,475.2,27.4,26.7,UWVOT3YPQH4.001.mp4,conscientiousness,high
right_eye,990.3,385.8,1131.3,498.5,664.3,236.7,777.1,326.8,36.0,18.4,UWVOT3YPQH4.001.mp4,conscientiousness,high
chin,762.2,532.7,1161.2,805.9,481.8,354.2,801.0,572.7,18.6,11.7,jjFzwsootdM.000.mp4,conscientiousness,high
forehead,760.0,335.7,1165.6,689.6,480.0,196.5,804.5,479.7,17.8,16.9,jjFzwsootdM.000.mp4,conscientiousness,high
left_cheek,775.2,526.1,893.8,685.5,492.2,348.9,587.0,476.4,16.1,17.5,jjFzwsootdM.000.mp4,conscientiousness,high
left_eye,793.9,389.5,924.5,510.4,507.1,239.6,611.6,336.3,18.0,22.2,jjFzwsootdM.000.mp4,conscientiousness,high
mouth,872.7,640.1,1033.6,723.8,570.1,440.0,698.9,507.0,22.0,25.2,jjFzwsootdM.000.mp4,conscientiousness,high
nose,902.9,465.4,1006.2,619.4,594.3,300.3,677.0,423.6,26.4,21.2,jjFzwsootdM.000.mp4,conscientiousness,high
right_cheek,1018.7,534.9,1142.7,694.9,687.0,355.9,786.2,483.9,22.6,17.9,jjFzwsootdM.000.mp4,conscientiousness,high
right_eye,994.0,394.7,1129.0,513.7,667.2,243.8,775.2,338.9,24.4,21.0,jjFzwsootdM.000.mp4,conscientiousness,high
chin,755.9,529.9,1187.2,806.7,476.7,351.9,821.8,573.4,6.9,11.9,B3zFJhrmqwg.001.mp4,conscientiousness,low
forehead,755.8,329.5,1187.9,696.9,476.6,191.6,822.3,485.5,6.8,5.9,B3zFJhrmqwg.001.mp4,conscientiousness,low
left_cheek,769.6,520.1,890.9,680.7,487.6,344.1,584.7,472.5,6.0,9.1,B3zFJhrmqwg.001.mp4,conscientiousness,low
left_eye,789.8,412.6,921.2,500.3,503.8,258.1,608.9,328.2,8.4,8.0,B3zFJhrmqwg.001.mp4,conscientiousness,low
mouth,877.5,627.1,1029.2,707.7,574.0,429.7,695.4,494.2,6.6,6.6,B3zFJhrmqwg.001.mp4,conscientiousness,low
nose,892.0,466.6,1010.1,608.8,585.6,301.3,680.1,415.1,7.0,5.7,B3zFJhrmqwg.001.mp4,conscientiousness,low
right_cheek,1021.2,532.9,1157.8,694.3,688.9,354.4,798.2,483.5,7.0,7.4,B3zFJhrmqwg.001.mp4,conscientiousness,low
right_eye,992.8,422.0,1138.8,509.6,666.2,265.6,783.1,335.7,11.0,9.3,B3zFJhrmqwg.001.mp4,conscientiousness,low
chin,718.9,498.5,1193.2,770.4,335.4,326.8,619.9,544.3,19.0,17.3,BLwgxAWf7cg.003.mp4,conscientiousness,low
forehead,717.7,347.9,1204.2,652.6,334.6,206.3,626.5,450.1,18.8,14.3,BLwgxAWf7cg.003.mp4,conscientiousness,low
left_cheek,740.3,502.4,887.3,649.0,348.2,329.9,436.4,447.2,18.5,15.2,BLwgxAWf7cg.003.mp4,conscientiousness,low
left_eye,766.7,401.6,932.7,492.7,364.0,249.3,463.6,322.1,25.1,15.2,BLwgxAWf7cg.003.mp4,conscientiousness,low
mouth,843.6,619.3,1049.7,701.5,410.2,423.5,533.8,489.2,24.4,13.6,BLwgxAWf7cg.003.mp4,conscientiousness,low
nose,887.0,467.3,1033.4,607.0,436.2,301.8,524.0,413.6,29.8,12.7,BLwgxAWf7cg.003.mp4,conscientiousness,low
right_cheek,1039.1,526.1,1181.2,668.9,527.5,348.8,612.7,463.2,22.2,15.1,BLwgxAWf7cg.003.mp4,conscientiousness,low
right_eye,1018.6,419.8,1174.6,504.3,515.1,263.8,608.8,331.4,26.0,13.3,BLwgxAWf7cg.003.mp4,conscientiousness,low
chin,711.3,533.0,1170.9,861.0,441.1,354.4,808.7,616.8,16.6,23.4,Jv2lyDcOmEM.002.mp4,conscientiousness,low
forehead,709.7,302.8,1180.0,719.8,439.8,170.2,816.0,503.8,16.9,10.0,Jv2lyDcOmEM.002.mp4,conscientiousness,low
left_cheek,735.2,528.2,879.0,717.2,460.2,350.6,575.2,501.8,22.5,18.8,Jv2lyDcOmEM.002.mp4,conscientiousness,low
left_eye,755.0,369.1,915.6,510.5,476.0,223.3,604.5,336.4,21.9,16.0,Jv2lyDcOmEM.002.mp4,conscientiousness,low
mouth,859.6,654.5,1054.8,768.5,559.7,451.6,715.8,542.8,43.0,29.2,Jv2lyDcOmEM.002.mp4,conscientiousness,low
nose,889.2,458.5,1037.9,630.5,583.3,294.8,702.3,432.4,42.6,13.0,Jv2lyDcOmEM.002.mp4,conscientiousness,low
right_cheek,1041.0,543.1,1168.8,726.2,704.8,362.5,807.0,508.9,29.1,16.6,Jv2lyDcOmEM.002.mp4,conscientiousness,low
right_eye,1012.3,382.9,1157.6,520.8,681.9,234.3,798.0,344.6,22.8,14.5,Jv2lyDcOmEM.002.mp4,conscientiousness,low
chin,796.4,502.4,1203.7,812.5,509.1,329.9,835.0,578.0,43.6,28.9,dIa0U29hVvU.001.mp4,conscientiousness,low
forehead,773.2,318.4,1204.2,671.4,490.5,182.7,835.4,465.1,28.7,13.2,dIa0U29hVvU.001.mp4,conscientiousness,low
left_cheek,791.5,516.3,895.6,688.9,505.2,341.0,588.5,479.1,19.5,8.6,dIa0U29hVvU.001.mp4,conscientiousness,low
left_eye,790.7,407.9,917.2,492.9,504.6,254.4,605.8,322.3,13.5,9.9,dIa0U29hVvU.001.mp4,conscientiousness,low
mouth,887.5,653.4,1041.1,730.4,582.0,450.7,704.9,512.4,10.3,14.1,dIa0U29hVvU.001.mp4,conscientiousness,low
nose,892.9,460.6,1012.7,617.1,586.3,296.5,682.1,421.7,15.4,7.5,dIa0U29hVvU.001.mp4,conscientiousness,low
right_cheek,1021.9,506.7,1166.3,687.1,689.5,333.4,805.0,477.7,9.7,13.5,dIa0U29hVvU.001.mp4,conscientiousness,low
right_eye,984.2,394.0,1140.0,486.1,659.4,243.2,784.0,316.9,16.2,14.3,dIa0U29hVvU.001.mp4,conscientiousness,low
chin,746.9,496.0,1182.3,823.3,469.5,324.8,817.8,586.6,16.6,22.4,iJGHwoJKEpA.002.mp4,conscientiousness,low
forehead,748.1,335.3,1194.2,720.6,470.5,196.3,827.4,504.5,16.5,12.7,iJGHwoJKEpA.002.mp4,conscientiousness,low
left_cheek,755.0,492.5,879.6,659.8,476.0,322.0,575.6,455.8,20.9,20.8,iJGHwoJKEpA.002.mp4,conscientiousness,low
left_eye,801.2,394.6,933.6,493.1,513.0,243.6,618.9,322.5,21.7,16.1,iJGHwoJKEpA.002.mp4,conscientiousness,low
mouth,826.8,635.1,1001.6,750.5,533.4,436.1,673.2,528.4,32.0,20.8,iJGHwoJKEpA.002.mp4,conscientiousness,low
nose,871.0,472.3,1000.0,614.4,568.8,305.9,672.0,419.6,31.3,14.9,iJGHwoJKEpA.002.mp4,conscientiousness,low
right_cheek,1017.0,555.2,1156.1,723.2,685.6,372.2,796.9,506.6,29.2,14.7,iJGHwoJKEpA.002.mp4,conscientiousness,low
right_eye,1006.6,431.7,1152.8,529.3,677.3,273.4,794.3,351.4,26.5,18.1,iJGHwoJKEpA.002.mp4,conscientiousness,low
chin,745.5,500.0,1134.5,793.5,468.4,328.0,779.6,562.8,5.4,6.7,69BopbFc34U.000.mp4,emotional_stability,high
forehead,745.0,333.6,1150.6,657.0,468.0,194.9,792.5,453.6,5.7,3.9,69BopbFc34U.000.mp4,emotional_stability,high
left_cheek,774.5,515.6,908.3,678.4,491.6,340.5,598.6,470.7,5.6,7.0,69BopbFc34U.000.mp4,emotional_stability,high
left_eye,792.5,400.0,941.7,509.5,506.0,248.0,625.4,335.6,10.6,6.7,69BopbFc34U.000.mp4,emotional_stability,high
mouth,885.6,667.9,1035.7,724.4,580.5,462.3,700.6,507.5,6.7,5.4,69BopbFc34U.000.mp4,emotional_stability,high
nose,913.5,480.8,1036.9,641.2,602.8,312.6,701.5,441.0,6.7,4.8,69BopbFc34U.000.mp4,emotional_stability,high
right_cheek,1035.4,531.4,1138.9,687.2,700.3,353.1,783.1,477.7,6.1,8.1,69BopbFc34U.000.mp4,emotional_stability,high
right_eye,1016.2,419.7,1141.4,518.4,685.0,263.8,785.1,342.7,7.0,8.8,69BopbFc34U.000.mp4,emotional_stability,high
chin,775.1,501.7,1224.1,829.9,492.1,329.3,851.3,591.9,15.4,31.1,C_NtwmmF2Ys.003.mp4,emotional_stability,high
forehead,769.4,275.3,1224.5,693.7,487.5,148.3,851.6,483.0,16.4,37.0,C_NtwmmF2Ys.003.mp4,emotional_stability,high
left_cheek,773.6,508.9,889.8,694.8,490.9,335.1,583.8,483.9,16.2,30.3,C_NtwmmF2Ys.003.mp4,emotional_stability,high
left_eye,786.8,364.7,916.0,478.8,501.5,219.8,604.8,311.0,20.3,37.7,C_NtwmmF2Ys.003.mp4,emotional_stability,high
mouth,883.7,632.2,1053.1,730.9,579.0,433.8,714.5,512.7,29.3,31.7,C_NtwmmF2Ys.003.mp4,emotional_stability,high
nose,891.5,425.5,1021.0,591.0,585.2,268.4,688.8,400.8,28.4,34.0,C_NtwmmF2Ys.003.mp4,emotional_stability,high
right_cheek,1034.5,490.5,1186.8,683.7,699.6,320.4,821.4,475.0,21.1,32.7,C_NtwmmF2Ys.003.mp4,emotional_stability,high
right_eye,991.4,349.1,1155.0,460.8,665.1,207.2,796.0,296.7,25.8,39.0,C_NtwmmF2Ys.003.mp4,emotional_stability,high
chin,752.4,550.1,1142.3,855.7,473.9,368.1,785.9,612.6,8.8,10.8,CqQavmWSLrI.003.mp4,emotional_stability,high
forehead,750.9,347.4,1143.6,711.3,472.7,205.9,786.9,497.0,8.8,5.9,CqQavmWSLrI.003.mp4,emotional_stability,high
left_cheek,771.5,545.8,893.3,720.8,489.2,364.6,586.6,504.6,6.5,9.1,CqQavmWSLrI.003.mp4,emotional_stability,high
left_eye,789.4,420.7,925.5,516.3,503.5,264.5,612.4,341.0,7.3,8.2,CqQavmWSLrI.003.mp4,emotional_stability,high
mouth,869.5,689.0,1034.7,782.4,567.6,479.2,699.7,553.9,12.9,11.0,CqQavmWSLrI.003.mp4,emotional_stability,high
nose,897.2,484.9,1022.3,643.2,589.8,316.0,689.8,442.6,9.2,7.4,CqQavmWSLrI.003.mp4,emotional_stability,high
right_cheek,1021.8,554.4,1133.0,727.7,689.4,371.5,778.4,510.1,8.3,7.4,CqQavmWSLrI.003.mp4,emotional_stability,high
right_eye,995.3,426.7,1120.2,521.8,668.3,269.3,768.2,345.4,8.8,7.9,CqQavmWSLrI.003.mp4,emotional_stability,high
chin,751.3,532.0,1186.0,847.9,473.0,353.6,820.8,606.3,18.1,7.8,Gk94xrcmFts.005.mp4,emotional_stability,high
forehead,747.0,333.3,1186.4,720.4,469.6,194.6,821.1,504.3,17.3,3.1,Gk94xrcmFts.005.mp4,emotional_stability,high
left_cheek,766.1,551.0,892.2,726.9,484.8,368.8,585.8,509.5,9.0,8.4,Gk94xrcmFts.005.mp4,emotional_stability,high
left_eye,775.2,424.2,910.6,523.9,492.2,267.3,600.5,347.1,8.9,7.0,Gk94xrcmFts.005.mp4,emotional_stability,high
mouth,886.1,656.4,1055.8,751.4,580.9,453.1,716.6,529.1,7.4,6.8,Gk94xrcmFts.005.mp4,emotional_stability,high
nose,901.5,476.4,1024.9,629.7,593.2,309.2,691.9,431.7,8.2,2.8,Gk94xrcmFts.005.mp4,emotional_stability,high
right_cheek,1029.1,527.6,1162.6,707.2,695.3,350.1,802.1,493.7,7.4,9.2,Gk94xrcmFts.005.mp4,emotional_stability,high
right_eye,990.5,405.0,1134.9,509.3,664.4,252.0,779.9,335.4,13.1,8.1,Gk94xrcmFts.005.mp4,emotional_stability,high
chin,755.0,532.6,1174.1,841.9,476.0,354.1,811.3,601.5,26.3,12.2,ZIk7N-xHvF4.002.mp4,emotional_stability,high
forehead,749.2,341.0,1176.3,700.8,471.4,200.8,813.1,488.7,18.7,8.5,ZIk7N-xHvF4.002.mp4,emotional_stability,high
left_cheek,769.2,541.2,890.9,714.3,487.4,361.0,584.7,499.4,11.3,13.2,ZIk7N-xHvF4.002.mp4,emotional_stability,high
left_eye,783.2,420.6,920.0,517.7,498.6,264.5,608.0,342.1,11.3,11.9,ZIk7N-xHvF4.002.mp4,emotional_stability,high
mouth,874.7,675.8,1028.3,766.4,571.8,468.6,694.6,541.1,16.3,14.5,ZIk7N-xHvF4.002.mp4,emotional_stability,high
nose,892.8,480.5,1010.9,645.2,586.2,312.4,680.7,444.2,21.5,10.7,ZIk7N-xHvF4.002.mp4,emotional_stability,high
right_cheek,1019.3,543.2,1150.6,717.6,687.4,362.6,792.5,502.1,18.7,12.2,ZIk7N-xHvF4.002.mp4,emotional_stability,high
right_eye,992.8,417.3,1136.0,518.3,666.3,261.8,780.8,342.6,23.2,11.4,ZIk7N-xHvF4.002.mp4,emotional_stability,high
chin,783.6,538.1,1189.6,830.4,498.9,358.4,823.7,592.4,13.6,12.7,3ccY8jYkI5o.004.mp4,emotional_stability,low
forehead,781.0,343.9,1190.0,704.2,496.8,203.1,824.0,491.4,14.6,9.5,3ccY8jYkI5o.004.mp4,emotional_stability,low
left_cheek,784.1,540.2,895.0,702.5,499.3,360.2,588.0,490.0,12.0,13.9,3ccY8jYkI5o.004.mp4,emotional_stability,low
left_eye,795.3,425.8,923.8,517.2,508.3,268.6,611.0,341.7,13.5,11.5,3ccY8jYkI5o.004.mp4,emotional_stability,low
mouth,874.7,655.2,1057.4,753.7,571.7,452.2,717.9,530.9,20.1,14.1,3ccY8jYkI5o.004.mp4,emotional_stability,low
nose,892.9,477.8,1020.6,628.2,586.3,310.3,688.5,430.5,19.0,9.6,3ccY8jYkI5o.004.mp4,emotional_stability,low
right_cheek,1028.4,533.8,1163.0,702.0,694.7,355.0,802.4,489.6,13.9,11.8,3ccY8jYkI5o.004.mp4,emotional_stability,low
right_eye,994.1,417.4,1142.0,509.1,667.3,261.9,785.6,335.3,17.0,11.5,3ccY8jYkI5o.004.mp4,emotional_stability,low
chin,874.3,504.3,1221.4,812.2,571.5,331.5,849.1,577.8,43.3,22.4,f8eU5Pc-y0g.004.mp4,emotional_stability,low
forehead,830.5,341.6,1221.4,676.4,536.4,201.3,849.1,469.2,38.4,22.1,f8eU5Pc-y0g.004.mp4,emotional_stability,low
left_cheek,838.6,535.5,908.1,693.1,542.9,356.4,598.5,482.5,34.9,23.6,f8eU5Pc-y0g.004.mp4,emotional_stability,low
left_eye,828.0,430.0,918.1,514.3,534.4,272.0,606.5,339.5,34.3,26.0,f8eU5Pc-y0g.004.mp4,emotional_stability,low
mouth,895.4,658.7,1016.4,747.1,588.4,455.0,685.1,525.7,31.4,25.9,f8eU5Pc-y0g.004.mp4,emotional_stability,low
nose,877.2,481.7,978.2,631.1,573.7,313.4,654.6,432.8,34.9,24.2,f8eU5Pc-y0g.004.mp4,emotional_stability,low
right_cheek,994.2,519.7,1150.1,693.6,667.4,343.8,792.1,482.9,37.4,22.5,f8eU5Pc-y0g.004.mp4,emotional_stability,low
right_eye,946.0,417.5,1101.5,507.2,628.8,262.0,753.2,333.7,42.6,23.7,f8eU5Pc-y0g.004.mp4,emotional_stability,low
chin,748.8,512.4,1178.3,826.5,471.0,337.9,814.6,589.2,19.2,13.1,mlsiYewUwO0.002.mp4,emotional_stability,low
forehead,742.1,320.3,1178.6,695.3,465.7,184.3,814.9,484.2,17.2,9.7,mlsiYewUwO0.002.mp4,emotional_stability,low
left_cheek,761.3,537.6,887.6,707.7,481.0,358.1,582.1,494.1,14.1,15.2,mlsiYewUwO0.002.mp4,emotional_stability,low
left_eye,770.0,410.9,909.2,511.6,488.0,256.7,599.4,337.3,12.9,17.2,mlsiYewUwO0.002.mp4,emotional_stability,low
mouth,882.7,650.7,1054.1,752.6,578.1,448.6,715.3,530.1,20.1,18.0,mlsiYewUwO0.002.mp4,emotional_stability,low
nose,899.2,467.6,1018.6,624.9,591.3,302.1,686.9,427.9,15.6,13.1,mlsiYewUwO0.002.mp4,emotional_stability,low
right_cheek,1027.0,513.6,1160.1,689.0,693.6,338.9,800.1,479.2,13.8,14.3,mlsiYewUwO0.002.mp4,emotional_stability,low
right_eye,988.1,393.8,1134.9,497.6,662.5,243.0,780.0,326.1,17.2,12.9,mlsiYewUwO0.002.mp4,emotional_stability,low
chin,767.7,520.8,1182.2,825.9,486.1,344.7,817.8,588.7,12.8,18.5,mq9NNKmKYdk.005.mp4,emotional_stability,low
forehead,760.4,332.9,1183.0,696.5,480.3,194.4,818.4,485.2,14.2,14.5,mq9NNKmKYdk.005.mp4,emotional_stability,low
left_cheek,776.8,537.4,895.4,702.6,493.5,357.9,588.4,490.1,11.0,18.8,mq9NNKmKYdk.005.mp4,emotional_stability,low
left_eye,784.2,417.7,915.6,514.1,499.4,262.1,604.5,339.3,13.5,20.5,mq9NNKmKYdk.005.mp4,emotional_stability,low
mouth,884.1,645.6,1062.5,745.2,579.3,444.5,722.0,524.1,22.5,26.2,mq9NNKmKYdk.005.mp4,emotional_stability,low
nose,902.3,476.0,1022.3,627.4,593.8,308.8,689.9,429.9,23.4,18.7,mq9NNKmKYdk.005.mp4,emotional_stability,low
right_cheek,1028.5,522.1,1160.3,690.5,694.8,345.7,800.2,480.4,15.8,23.9,mq9NNKmKYdk.005.mp4,emotional_stability,low
right_eye,990.4,405.9,1133.4,506.0,664.3,252.7,778.7,332.8,17.5,20.3,mq9NNKmKYdk.005.mp4,emotional_stability,low
chin,744.1,512.2,1184.3,822.7,467.3,337.8,819.4,586.2,11.5,13.8,oC-qxnrmJws.003.mp4,emotional_stability,low
forehead,739.1,320.9,1184.4,700.0,463.3,184.7,819.5,488.0,11.5,8.6,oC-qxnrmJws.003.mp4,emotional_stability,low
left_cheek,760.4,540.0,893.3,707.3,480.3,360.0,586.6,493.8,9.8,15.6,oC-qxnrmJws.003.mp4,emotional_stability,low
left_eye,769.5,410.6,915.1,512.5,487.6,256.5,604.0,338.0,11.7,16.4,oC-qxnrmJws.003.mp4,emotional_stability,low
mouth,883.6,649.5,1069.8,742.8,578.9,447.6,727.8,522.3,14.6,16.5,oC-qxnrmJws.003.mp4,emotional_stability,low
nose,906.0,472.0,1029.7,626.0,596.8,305.6,695.7,428.8,12.7,12.3,oC-qxnrmJws.003.mp4,emotional_stability,low
right_cheek,1035.1,513.4,1168.7,685.8,700.1,338.7,807.0,476.6,10.1,13.0,oC-qxnrmJws.003.mp4,emotional_stability,low
right_eye,995.5,396.6,1137.5,500.6,668.4,245.3,782.0,328.5,12.5,12.1,oC-qxnrmJws.003.mp4,emotional_stability,low
chin,792.4,533.4,1203.6,819.8,505.9,354.7,834.9,583.8,21.1,17.5,84emxO86qa8.005.mp4,extraversion,high
forehead,780.9,332.0,1203.6,721.7,496.7,193.6,834.9,505.4,18.6,9.4,84emxO86qa8.005.mp4,extraversion,high
left_cheek,782.4,547.1,884.3,712.6,497.9,365.7,579.4,498.1,18.3,14.9,84emxO86qa8.005.mp4,extraversion,high
left_eye,791.6,425.2,910.7,525.2,505.3,268.1,600.6,348.2,16.8,15.1,84emxO86qa8.005.mp4,extraversion,high
mouth,880.3,636.8,1052.7,734.9,576.3,437.4,714.2,515.9,27.4,16.1,84emxO86qa8.005.mp4,extraversion,high
nose,883.1,468.4,997.5,610.8,578.5,302.7,670.0,416.6,25.3,12.7,84emxO86qa8.005.mp4,extraversion,high
right_cheek,1014.3,516.2,1165.0,686.0,683.4,341.0,804.0,476.8,22.4,16.1,84emxO86qa8.005.mp4,extraversion,high
right_eye,968.7,399.4,1125.1,499.8,647.0,247.5,772.1,327.8,23.2,14.1,84emxO86qa8.005.mp4,extraversion,high
chin,752.2,516.9,1155.3,801.1,473.8,341.5,796.2,568.9,12.2,8.9,As93GgkTdt4.004.mp4,extraversion,high
forehead,749.0,330.8,1156.7,673.9,471.2,192.6,797.4,467.1,11.6,9.4,As93GgkTdt4.004.mp4,extraversion,high
left_cheek,770.2,529.0,895.5,688.3,488.1,351.2,588.4,478.6,8.5,11.2,As93GgkTdt4.004.mp4,extraversion,high
left_eye,782.5,403.7,920.4,509.4,498.0,251.0,608.4,335.5,11.4,14.0,As93GgkTdt4.004.mp4,extraversion,high
mouth,885.1,649.0,1035.5,728.4,580.1,447.2,700.4,510.7,10.1,12.6,As93GgkTdt4.004.mp4,extraversion,high
nose,906.3,470.9,1015.8,625.2,597.0,304.7,684.6,428.1,11.1,10.2,As93GgkTdt4.004.mp4,extraversion,high
right_cheek,1024.5,522.7,1143.7,684.5,691.6,346.2,787.0,475.6,10.8,9.8,As93GgkTdt4.004.mp4,extraversion,high
right_eye,998.5,398.3,1131.0,507.7,670.8,246.6,776.8,334.2,12.7,11.2,As93GgkTdt4.004.mp4,extraversion,high
chin,756.8,533.3,1157.6,826.3,477.4,354.7,798.1,589.1,16.7,20.6,E6rptSS3kP4.000.mp4,extraversion,high
forehead,755.0,342.8,1161.9,709.4,476.0,202.3,801.5,495.5,14.1,14.2,E6rptSS3kP4.000.mp4,extraversion,high
left_cheek,772.0,530.1,894.7,693.6,489.6,352.1,587.7,482.9,12.5,19.6,E6rptSS3kP4.000.mp4,extraversion,high
left_eye,799.0,415.6,931.3,514.4,511.2,260.5,617.1,339.5,14.5,17.8,E6rptSS3kP4.000.mp4,extraversion,high
mouth,864.7,654.0,1035.0,747.7,563.7,451.2,700.0,526.1,18.7,18.3,E6rptSS3kP4.000.mp4,extraversion,high
nose,897.6,481.2,1013.5,629.9,590.1,313.0,682.8,431.9,14.1,16.5,E6rptSS3kP4.000.mp4,extraversion,high
right_cheek,1021.5,546.5,1142.5,709.8,689.2,365.2,786.0,495.8,11.8,19.5,E6rptSS3kP4.000.mp4,extraversion,high
right_eye,998.7,425.0,1129.8,522.8,670.9,268.0,775.8,346.2,17.8,20.0,E6rptSS3kP4.000.mp4,extraversion,high
chin,749.8,517.3,1189.9,832.8,471.9,341.9,823.9,594.3,14.7,6.3,FxVUG2R1y0Q.004.mp4,extraversion,high
forehead,747.2,320.3,1192.1,681.6,469.8,184.2,825.7,473.3,14.4,5.9,FxVUG2R1y0Q.004.mp4,extraversion,high
left_cheek,759.9,524.6,885.3,700.6,479.9,347.7,580.2,488.5,7.1,9.4,FxVUG2R1y0Q.004.mp4,extraversion,high
left_eye,774.3,398.0,911.8,502.0,491.4,246.4,601.5,329.6,6.8,10.2,FxVUG2R1y0Q.004.mp4,extraversion,high
mouth,872.9,658.2,1047.1,759.8,570.3,454.6,709.7,535.8,10.4,16.2,FxVUG2R1y0Q.004.mp4,extraversion,high
nose,892.2,468.3,1011.2,629.4,585.8,302.7,680.9,431.5,9.0,9.5,FxVUG2R1y0Q.004.mp4,extraversion,high
right_cheek,1024.2,524.6,1164.1,701.9,691.3,347.7,803.3,489.6,6.6,6.9,FxVUG2R1y0Q.004.mp4,extraversion,high
right_eye,993.0,400.4,1147.1,501.5,666.4,248.3,789.7,329.2,8.3,8.6,FxVUG2R1y0Q.004.mp4,extraversion,high
chin,734.4,504.9,1147.9,805.5,459.5,331.9,790.3,572.4,16.9,16.7,fBMKlYUjA9E.003.mp4,extraversion,high
forehead,732.0,321.9,1158.6,684.0,457.6,185.5,798.9,475.2,16.8,14.8,fBMKlYUjA9E.003.mp4,extraversion,high
left_cheek,763.4,513.6,904.0,681.7,482.8,338.9,595.2,473.3,17.4,21.3,fBMKlYUjA9E.003.mp4,extraversion,high
left_eye,789.0,390.6,943.5,499.9,503.2,240.5,626.8,327.9,26.6,21.8,fBMKlYUjA9E.003.mp4,extraversion,high
mouth,880.1,638.3,1037.9,731.5,576.0,438.6,702.4,513.2,23.5,20.1,fBMKlYUjA9E.003.mp4,extraversion,high
nose,918.1,466.0,1026.5,614.2,606.5,300.8,693.2,419.3,23.3,18.4,fBMKlYUjA9E.003.mp4,extraversion,high
right_cheek,1034.1,529.5,1146.7,692.2,699.2,351.6,789.3,481.8,19.4,23.8,fBMKlYUjA9E.003.mp4,extraversion,high
right_eye,1008.1,402.9,1140.8,511.2,678.4,250.3,784.7,337.0,20.9,25.4,fBMKlYUjA9E.003.mp4,extraversion,high
chin,822.5,525.9,1204.0,810.6,530.0,348.7,835.2,576.5,41.4,8.4,-fXqnCljdm0.003.mp4,extraversion,low
forehead,818.2,320.1,1205.2,688.5,526.6,184.1,836.2,478.8,37.8,13.3,-fXqnCljdm0.003.mp4,extraversion,low
left_cheek,796.2,516.5,864.1,674.3,509.0,341.2,563.3,467.4,39.3,10.3,-fXqnCljdm0.003.mp4,extraversion,low
left_eye,811.4,394.7,896.9,498.1,521.1,243.8,589.5,326.5,38.5,11.7,-fXqnCljdm0.003.mp4,extraversion,low
mouth,834.5,629.0,979.5,711.3,539.6,431.2,655.6,497.0,42.9,13.1,-fXqnCljdm0.003.mp4,extraversion,low
nose,843.1,450.9,954.9,597.3,546.5,288.7,635.9,405.8,45.7,12.0,-fXqnCljdm0.003.mp4,extraversion,low
right_cheek,979.2,519.4,1136.3,692.3,655.4,343.5,781.1,481.8,44.3,11.6,-fXqnCljdm0.003.mp4,extraversion,low
right_eye,950.2,385.3,1112.6,495.1,632.2,236.3,762.0,324.1,44.8,14.4,-fXqnCljdm0.003.mp4,extraversion,low
chin,732.4,483.6,1106.1,791.7,457.9,314.9,756.9,561.4,30.7,32.2,3zAyM2edy1g.004.mp4,extraversion,low
forehead,731.8,311.1,1127.7,645.2,457.4,176.9,774.2,444.2,30.7,35.8,3zAyM2edy1g.004.mp4,extraversion,low
left_cheek,764.7,496.1,897.8,667.1,483.7,324.9,590.2,461.7,25.0,28.5,3zAyM2edy1g.004.mp4,extraversion,low
left_eye,787.1,374.5,935.7,482.3,501.7,227.6,620.6,313.8,24.8,32.5,3zAyM2edy1g.004.mp4,extraversion,low
mouth,873.5,648.7,1026.3,726.4,570.8,447.0,693.0,509.2,16.4,16.5,3zAyM2edy1g.004.mp4,extraversion,low
nose,900.5,450.4,1029.4,615.3,592.4,288.3,695.5,420.2,15.4,22.7,3zAyM2edy1g.004.mp4,extraversion,low
right_cheek,1022.6,507.5,1117.2,672.2,690.1,334.0,765.7,465.8,13.5,18.9,3zAyM2edy1g.004.mp4,extraversion,low
right_eye,1002.3,384.8,1121.4,490.3,673.8,235.9,769.1,320.2,13.5,24.5,3zAyM2edy1g.004.mp4,extraversion,low
chin,776.0,546.2,1190.1,849.1,492.8,365.0,824.1,607.3,9.2,8.5,8hW6WfYBP18.001.mp4,extraversion,low
forehead,771.7,324.2,1190.4,712.5,489.4,187.3,824.3,498.0,8.7,9.8,8hW6WfYBP18.001.mp4,extraversion,low
left_cheek,772.3,542.7,881.4,714.8,489.8,362.1,577.1,499.8,4.8,8.4,8hW6WfYBP18.001.mp4,extraversion,low
left_eye,785.2,397.2,910.0,518.0,500.2,245.8,600.0,342.4,6.6,15.3,8hW6WfYBP18.001.mp4,extraversion,low
mouth,864.1,665.8,1047.2,777.4,563.3,460.6,709.8,549.9,10.9,16.6,8hW6WfYBP18.001.mp4,extraversion,low
nose,880.6,468.0,1015.5,626.6,576.5,302.4,684.4,429.3,6.7,12.8,8hW6WfYBP18.001.mp4,extraversion,low
right_cheek,1026.9,539.8,1164.2,717.2,693.5,359.9,803.4,501.7,5.1,14.0,8hW6WfYBP18.001.mp4,extraversion,low
right_eye,991.0,386.5,1144.1,515.4,664.8,237.2,787.3,340.3,6.1,18.3,8hW6WfYBP18.001.mp4,extraversion,low
chin,736.4,503.6,1139.8,790.7,461.1,330.8,783.8,560.6,14.2,8.6,PHv6CzBIC5E.004.mp4,extraversion,low
forehead,736.4,336.9,1155.1,688.7,461.1,197.5,796.1,479.0,14.2,4.4,PHv6CzBIC5E.004.mp4,extraversion,low
left_cheek,767.0,505.7,895.5,666.3,485.6,332.6,588.4,461.0,8.1,6.8,PHv6CzBIC5E.004.mp4,extraversion,low
left_eye,803.2,416.8,943.6,498.1,514.6,261.5,626.9,326.5,5.0,5.8,PHv6CzBIC5E.004.mp4,extraversion,low
mouth,862.4,639.1,1011.4,707.2,561.9,439.3,681.1,493.8,6.6,4.3,PHv6CzBIC5E.004.mp4,extraversion,low
nose,896.1,474.2,1011.4,614.2,588.9,307.4,681.1,419.4,5.4,4.6,PHv6CzBIC5E.004.mp4,extraversion,low
right_cheek,1018.9,543.6,1132.3,696.5,687.1,362.9,777.8,485.2,3.9,6.0,PHv6CzBIC5E.004.mp4,extraversion,low
right_eye,1009.2,429.7,1131.7,520.7,679.4,271.8,777.3,344.5,5.0,4.0,PHv6CzBIC5E.004.mp4,extraversion,low
chin,753.7,538.2,1158.1,856.1,475.0,345.6,798.5,590.8,62.9,22.2,oxw3nT9LSsg.000.mp4,extraversion,low
forehead,745.1,327.8,1162.2,730.6,468.1,183.3,801.7,494.0,54.8,7.7,oxw3nT9LSsg.000.mp4,extraversion,low
left_cheek,772.7,552.7,891.5,733.6,490.2,356.8,585.2,496.3,31.7,18.9,oxw3nT9LSsg.000.mp4,extraversion,low
left_eye,789.8,415.4,920.4,527.6,503.9,250.9,608.3,337.4,17.6,13.3,oxw3nT9LSsg.000.mp4,extraversion,low
mouth,875.0,666.3,1042.4,769.5,572.0,444.4,705.9,524.0,21.7,11.8,oxw3nT9LSsg.000.mp4,extraversion,low
nose,898.3,478.1,1014.1,638.2,590.6,299.3,683.3,422.7,16.9,9.2,oxw3nT9LSsg.000.mp4,extraversion,low
right_cheek,1019.1,538.7,1141.2,721.4,687.3,346.0,785.0,486.9,15.3,19.0,oxw3nT9LSsg.000.mp4,extraversion,low
right_eye,979.1,402.7,1115.3,515.5,655.3,241.2,764.3,328.1,25.5,16.3,oxw3nT9LSsg.000.mp4,extraversion,low
chin,793.6,505.6,1182.1,811.8,506.8,332.4,817.7,577.4,13.0,10.7,3S8QUGYVf_w.003.mp4,openness,high
forehead,778.1,326.2,1182.2,675.2,494.5,189.0,817.8,468.2,12.0,10.5,3S8QUGYVf_w.003.mp4,openness,high
left_cheek,784.5,536.6,885.0,697.7,499.6,357.3,580.0,486.2,12.3,9.5,3S8QUGYVf_w.003.mp4,openness,high
left_eye,783.7,409.2,901.3,515.2,498.9,255.4,593.0,340.2,15.9,15.3,3S8QUGYVf_w.003.mp4,openness,high
mouth,888.6,647.6,1040.6,742.3,582.9,446.1,704.5,521.8,20.2,15.0,3S8QUGYVf_w.003.mp4,openness,high
nose,890.0,474.6,999.0,631.9,584.0,307.7,671.2,433.5,25.8,12.8,3S8QUGYVf_w.003.mp4,openness,high
right_cheek,1010.4,513.3,1149.2,685.8,680.3,338.6,791.4,476.6,24.4,11.9,3S8QUGYVf_w.003.mp4,openness,high
right_eye,966.0,393.9,1118.6,502.5,644.8,243.1,766.9,330.0,29.9,13.2,3S8QUGYVf_w.003.mp4,openness,high
chin,771.1,533.6,1167.6,829.0,488.8,354.9,806.1,591.2,8.5,8.1,BmDClgdWlH4.002.mp4,openness,high
forehead,768.4,331.8,1167.8,697.4,486.7,193.4,806.2,486.0,7.3,9.9,BmDClgdWlH4.002.mp4,openness,high
left_cheek,781.9,536.2,896.0,702.7,497.6,357.0,588.8,490.2,6.8,11.6,BmDClgdWlH4.002.mp4,openness,high
left_eye,795.4,415.1,921.2,516.1,508.3,260.1,608.9,340.9,7.8,12.8,BmDClgdWlH4.002.mp4,openness,high
mouth,876.1,654.3,1036.5,748.3,572.9,451.4,701.2,526.7,12.4,16.1,BmDClgdWlH4.002.mp4,openness,high
nose,900.1,474.9,1012.7,630.5,592.1,307.9,682.2,432.4,12.5,12.5,BmDClgdWlH4.002.mp4,openness,high
right_cheek,1020.8,533.4,1146.5,705.1,688.7,354.8,789.2,492.1,11.2,11.8,BmDClgdWlH4.002.mp4,openness,high
right_eye,991.3,404.7,1127.3,513.3,665.1,251.7,773.8,338.7,13.5,13.7,BmDClgdWlH4.002.mp4,openness,high
chin,767.7,490.2,1174.2,816.6,486.2,320.2,811.3,581.2,29.5,18.3,O2wMPdp2-Is.002.mp4,openness,high
forehead,758.5,322.0,1178.5,674.6,478.8,185.6,814.8,467.7,26.6,17.4,O2wMPdp2-Is.002.mp4,openness,high
left_cheek,774.6,525.6,894.8,695.8,491.7,348.5,587.8,484.6,13.9,25.4,O2wMPdp2-Is.002.mp4,openness,high
left_eye,783.8,405.2,918.8,508.8,499.1,252.1,607.0,335.1,14.4,32.8,O2wMPdp2-Is.002.mp4,openness,high
mouth,880.4,661.1,1051.4,754.2,576.3,456.9,713.1,531.3,23.0,21.1,O2wMPdp2-Is.002.mp4,openness,high
nose,899.6,477.4,1018.7,643.9,591.7,309.9,687.0,443.1,23.3,18.6,O2wMPdp2-Is.002.mp4,openness,high
right_cheek,1023.7,515.1,1156.2,688.8,691.0,340.1,797.0,479.0,16.7,22.8,O2wMPdp2-Is.002.mp4,openness,high
right_eye,987.0,401.4,1131.4,503.1,661.6,249.1,777.1,330.5,19.6,22.3,O2wMPdp2-Is.002.mp4,openness,high
chin,749.4,515.8,1160.6,831.0,471.5,340.6,800.5,592.8,19.9,20.9,h9jIdLBaMEo.002.mp4,openness,high
forehead,748.9,332.0,1170.9,716.0,471.1,193.6,808.7,500.8,19.5,12.1,h9jIdLBaMEo.002.mp4,openness,high
left_cheek,764.4,513.3,893.1,683.7,483.5,338.6,586.5,475.0,10.5,17.8,h9jIdLBaMEo.002.mp4,openness,high
left_eye,802.2,399.0,941.5,505.4,513.8,247.2,625.2,332.3,13.3,14.2,h9jIdLBaMEo.002.mp4,openness,high
mouth,848.1,646.6,1038.4,758.3,550.5,445.3,702.7,534.6,16.6,16.4,h9jIdLBaMEo.002.mp4,openness,high
nose,894.1,477.0,1016.0,631.5,587.3,309.6,684.8,433.2,15.2,13.4,h9jIdLBaMEo.002.mp4,openness,high
right_cheek,1025.8,554.2,1148.1,719.3,692.6,371.3,790.5,503.4,10.5,16.0,h9jIdLBaMEo.002.mp4,openness,high
right_eye,1005.1,419.6,1141.2,530.2,676.1,263.7,784.9,352.1,10.1,15.7,h9jIdLBaMEo.002.mp4,openness,high
chin,706.9,503.9,1155.0,817.9,437.5,331.2,796.0,582.3,32.5,20.8,jSw-grsJCnE.003.mp4,openness,high
forehead,705.6,308.9,1160.2,685.3,436.5,175.1,800.2,476.2,31.8,17.3,jSw-grsJCnE.003.mp4,openness,high
left_cheek,736.7,504.7,879.9,681.7,461.4,331.7,575.9,473.4,17.1,22.7,jSw-grsJCnE.003.mp4,openness,high
left_eye,763.3,378.4,915.3,485.2,482.7,230.7,604.2,316.2,17.9,20.4,jSw-grsJCnE.003.mp4,openness,high
mouth,863.6,625.7,1030.8,740.5,562.9,428.6,696.7,520.4,26.0,24.4,jSw-grsJCnE.003.mp4,openness,high
nose,892.5,452.0,1010.0,603.4,586.0,289.6,680.0,410.7,28.4,19.8,jSw-grsJCnE.003.mp4,openness,high
right_cheek,1019.6,519.9,1145.5,691.0,687.6,343.9,788.4,480.8,23.5,19.8,jSw-grsJCnE.003.mp4,openness,high
right_eye,993.7,394.8,1132.6,495.2,666.9,243.9,778.1,324.2,24.7,21.2,jSw-grsJCnE.003.mp4,openness,high
chin,738.5,512.7,1168.4,807.2,462.8,338.2,806.7,573.7,10.7,5.8,2DZb5yIc6Fg.003.mp4,openness,low
forehead,738.5,318.9,1179.5,724.6,462.8,183.1,815.6,507.7,10.7,6.7,2DZb5yIc6Fg.003.mp4,openness,low
left_cheek,761.9,505.9,900.7,677.0,481.5,332.7,592.6,469.6,9.8,6.2,2DZb5yIc6Fg.003.mp4,openness,low
left_eye,804.6,390.7,945.5,493.0,515.7,240.6,628.4,322.4,9.7,7.5,2DZb5yIc6Fg.003.mp4,openness,low
mouth,865.7,646.1,1035.3,702.9,564.5,444.9,700.2,490.3,8.4,8.3,2DZb5yIc6Fg.003.mp4,openness,low
nose,904.2,468.3,1022.2,619.0,595.4,302.6,689.8,423.2,8.5,7.3,2DZb5yIc6Fg.003.mp4,openness,low
right_cheek,1031.9,548.6,1155.8,716.7,697.5,366.9,796.7,501.4,8.9,6.7,2DZb5yIc6Fg.003.mp4,openness,low
right_eye,1017.3,426.2,1147.8,519.8,685.8,268.9,790.2,343.9,9.0,7.4,2DZb5yIc6Fg.003.mp4,openness,low
chin,726.7,526.5,1221.0,842.3,453.3,349.2,848.8,601.8,8.6,9.5,JmAQlC-FEV8.003.mp4,openness,low
forehead,719.4,289.9,1221.0,725.2,447.5,159.9,848.8,508.2,9.2,4.8,JmAQlC-FEV8.003.mp4,openness,low
left_cheek,738.4,533.9,882.0,721.5,462.7,355.1,577.6,505.2,8.5,5.7,JmAQlC-FEV8.003.mp4,openness,low
left_eye,744.8,386.8,904.1,502.2,467.8,237.5,595.3,329.8,10.2,5.8,JmAQlC-FEV8.003.mp4,openness,low
mouth,884.7,652.1,1068.4,722.3,579.8,449.7,726.7,505.9,10.9,9.1,JmAQlC-FEV8.003.mp4,openness,low
nose,895.8,444.9,1032.2,609.9,588.6,283.9,697.8,415.9,11.2,4.5,JmAQlC-FEV8.003.mp4,openness,low
right_cheek,1044.8,510.0,1197.1,700.3,707.8,336.0,829.6,488.2,11.5,6.6,JmAQlC-FEV8.003.mp4,openness,low
right_eye,999.6,363.8,1169.5,485.4,671.7,219.1,807.6,316.3,12.9,6.3,JmAQlC-FEV8.003.mp4,openness,low
chin,783.0,516.1,1147.5,800.7,498.4,340.9,790.0,568.6,21.9,17.0,PWM-bKcs2p8.004.mp4,openness,low
forehead,771.0,350.3,1149.4,682.1,488.8,208.2,791.5,473.7,17.9,7.1,PWM-bKcs2p8.004.mp4,openness,low
left_cheek,793.6,548.8,904.7,699.3,506.9,367.0,595.7,487.4,14.8,10.9,PWM-bKcs2p8.004.mp4,openness,low
left_eye,793.2,422.0,923.4,527.3,506.6,265.6,610.7,349.8,13.0,10.7,PWM-bKcs2p8.004.mp4,openness,low
mouth,906.2,646.7,1055.1,752.4,597.0,445.4,716.1,529.9,16.9,8.0,PWM-bKcs2p8.004.mp4,openness,low
nose,909.5,478.7,1030.2,623.1,599.6,311.0,696.1,426.5,13.3,5.9,PWM-bKcs2p8.004.mp4,openness,low
right_cheek,1029.0,519.5,1138.1,677.3,695.2,343.6,782.5,469.9,10.7,16.4,PWM-bKcs2p8.004.mp4,openness,low
right_eye,994.6,402.1,1123.0,509.2,667.7,249.7,770.4,335.3,14.5,12.1,PWM-bKcs2p8.004.mp4,openness,low
chin,710.5,549.6,1152.2,838.8,440.4,367.7,793.8,599.0,5.0,7.4,Wa-HX5jP3ew.003.mp4,openness,low
forehead,710.5,334.5,1154.6,722.1,440.4,195.6,795.7,505.7,5.0,3.8,Wa-HX5jP3ew.003.mp4,openness,low
left_cheek,748.9,531.7,892.5,705.6,471.1,353.3,586.0,492.5,3.8,5.0,Wa-HX5jP3ew.003.mp4,openness,low
left_eye,776.9,397.1,931.8,507.8,493.5,245.7,617.4,334.2,5.1,3.6,Wa-HX5jP3ew.003.mp4,openness,low
mouth,880.3,639.9,1040.9,742.7,576.2,439.9,704.7,522.2,5.0,7.5,Wa-HX5jP3ew.003.mp4,openness,low
nose,902.6,466.1,1030.1,614.5,594.1,300.9,696.1,419.6,3.2,2.4,Wa-HX5jP3ew.003.mp4,openness,low
right_cheek,1033.9,546.0,1149.1,717.2,699.1,364.8,791.3,501.8,3.0,3.1,Wa-HX5jP3ew.003.mp4,openness,low
right_eye,1008.9,407.6,1138.4,520.1,679.1,254.1,782.7,344.1,2.9,2.7,Wa-HX5jP3ew.003.mp4,openness,low
chin,782.1,526.5,1170.4,802.3,497.7,344.3,808.3,561.9,6.7,7.5,_ZAqTHlu2ts.001.mp4,openness,low
forehead,779.5,326.2,1170.8,687.3,495.6,186.3,808.6,471.2,6.1,7.6,_ZAqTHlu2ts.001.mp4,openness,low
left_cheek,786.4,528.9,894.2,689.1,501.1,346.3,587.3,472.6,5.2,9.6,_ZAqTHlu2ts.001.mp4,openness,low
left_eye,800.8,390.7,919.1,505.8,512.6,237.2,607.3,328.0,7.2,10.4,_ZAqTHlu2ts.001.mp4,openness,low
mouth,879.5,633.5,1026.5,722.7,575.6,428.8,693.2,499.1,10.5,12.8,_ZAqTHlu2ts.001.mp4,openness,low
nose,899.8,456.7,1003.0,611.3,591.8,289.3,674.4,411.3,10.3,9.3,_ZAqTHlu2ts.001.mp4,openness,low
right_cheek,1014.4,519.1,1144.0,685.0,683.6,338.5,787.2,469.4,9.6,11.1,_ZAqTHlu2ts.001.mp4,openness,low
right_eye,982.4,375.7,1120.4,497.2,657.9,225.4,768.3,321.2,12.8,10.8,_ZAqTHlu2ts.001.mp4,openness,low
