participant_id,trial_id,trait,video_first,video_second,video_first_path,video_second_path,high_video,low_video,high_position
DEMO001,1,Emotional Stability,3ccY8jYkI5o.004.mp4,ZIk7N-xHvF4.002.mp4,/Users/melikekara/Documents/GitHub/490-user-study/user_study_project/stimuli/videos/study_videos_preprocessed/emotional_stability/low/3ccY8jYkI5o.004.mp4,/Users/melikekara/Documents/GitHub/490-user-study/user_study_project/stimuli/videos/study_videos_preprocessed/emotional_stability/high/ZIk7N-xHvF4.002.mp4,ZIk7N-xHvF4.002.mp4,3ccY8jYkI5o.004.mp4,second
DEMO001,2,Agreeableness,DTZeyoKUPx4.005.mp4,l3RE0rN7oEg.003.mp4,/Users/melikekara/Documents/GitHub/490-user-study/user_study_project/stimuli/videos/study_videos_preprocessed/agreeableness/low/DTZeyoKUPx4.005.mp4,/Users/melikekara/Documents/GitHub/490-user-study/user_study_project/stimuli/videos/study_videos_preprocessed/agreeableness/high/l3RE0rN7oEg.003.mp4,l3RE0rN7oEg.003.mp4,DTZeyoKUPx4.005.mp4,second
DEMO001,3,Openness,PWM-bKcs2p8.004.mp4,h9jIdLBaMEo.002.mp4,/Users/melikekara/Documents/GitHub/490-user-study/user_study_project/stimuli/videos/study_videos_preprocessed/openness/low/PWM-bKcs2p8.004.mp4,/Users/melikekara/Documents/GitHub/490-user-study/user_study_project/stimuli/videos/study_videos_preprocessed/openness/high/h9jIdLBaMEo.002.mp4,h9jIdLBaMEo.002.mp4,PWM-bKcs2p8.004.mp4,second
DEMO001,4,Conscientiousness,dIa0U29hVvU.001.mp4,OLFhKCgexRU.000.mp4,/Users/melikekara/Documents/GitHub/490-user-study/user_study_project/stimuli/videos/study_videos_preprocessed/conscientiousness/low/dIa0U29hVvU.001.mp4,/Users/melikekara/Documents/GitHub/490-user-study/user_study_project/stimuli/videos/study_videos_preprocessed/conscientiousness/high/OLFhKCgexRU.000.mp4,OLFhKCgexRU.000.mp4,dIa0U29hVvU.001.mp4,second
DEMO001,5,Agreeableness,NBacfF-K2eQ.004.mp4,KGRUaRe3r7I.001.mp4,/Users/melikekara/Documents/GitHub/490-user-study/user_study_project/stimuli/videos/study_videos_preprocessed/agreeableness/low/NBacfF-K2eQ.004.mp4,/Users/melikekara/Documents/GitHub/490-user-study/user_study_project/stimuli/videos/study_videos_preprocessed/agreeableness/high/KGRUaRe3r7I.001.mp4,KGRUaRe3r7I.001.mp4,NBacfF-K2eQ.004.mp4,second
DEMO001,6,Emotional Stability,f8eU5Pc-y0g.004.mp4,69BopbFc34U.000.mp4,/Users/melikekara/Documents/GitHub/490-user-study/user_study_project/stimuli/videos/study_videos_preprocessed/emotional_stability/low/f8eU5Pc-y0g.004.mp4,/Users/melikekara/Documents/GitHub/490-user-study/user_study_project/stimuli/videos/study_videos_preprocessed/emotional_stability/high/69BopbFc34U.000.mp4,69BopbFc34U.000.mp4,f8eU5Pc-y0g.004.mp4,second
DEMO001,7,Conscientiousness,B3zFJhrmqwg.001.mp4,8gvBbE6iZNo.005.mp4,/Users/melikekara/Documents/GitHub/490-user-study/user_study_project/stimuli/videos/study_videos_preprocessed/conscientiousness/low/B3zFJhrmqwg.001.mp4,/Users/melikekara/Documents/GitHub/490-user-study/user_study_project/stimuli/videos/study_videos_preprocessed/conscientiousness/high/8gvBbE6iZNo.005.mp4,8gvBbE6iZNo.005.mp4,B3zFJhrmqwg.001.mp4,second
DEMO001,8,Extraversion,8hW6WfYBP18.001.mp4,As93GgkTdt4.004.mp4,/Users/melikekara/Documents/GitHub/490-user-study/user_study_project/stimuli/videos/study_videos_preprocessed/extraversion/low/8hW6WfYBP18.001.mp4,/Users/melikekara/Documents/GitHub/490-user-study/user_study_project/stimuli/videos/study_videos_preprocessed/extraversion/high/As93GgkTdt4.004.mp4,As93GgkTdt4.004.mp4,8hW6WfYBP18.001.mp4,second
DEMO001,9,Agreeableness,1RMdiCbNNh4.003.mp4,VZ6jhnbk-5g.004.mp4,/Users/melikekara/Documents/GitHub/490-user-study/user_study_project/stimuli/videos/study_videos_preprocessed/agreeableness/low/1RMdiCbNNh4.003.mp4,/Users/melikekara/Documents/GitHub/490-user-study/user_study_project/stimuli/videos/study_videos_preprocessed/agreeableness/high/VZ6jhnbk-5g.004.mp4,VZ6jhnbk-5g.004.mp4,1RMdiCbNNh4.003.mp4,second
DEMO001,10,Emotional Stability,CqQavmWSLrI.003.mp4,mq9NNKmKYdk.005.mp4,/Users/melikekara/Documents/GitHub/490-user-study/user_study_project/stimuli/videos/study_videos_preprocessed/emotional_stability/high/CqQavmWSLrI.003.mp4,/Users/melikekara/Documents/GitHub/490-user-study/user_study_project/stimuli/videos/study_videos_preprocessed/emotional_stability/low/mq9NNKmKYdk.005.mp4,CqQavmWSLrI.003.mp4,mq9NNKmKYdk.005.mp4,first
DEMO001,11,Openness,BmDClgdWlH4.002.mp4,2DZb5yIc6Fg.003.mp4,/Users/melikekara/Documents/GitHub/490-user-study/user_study_project/stimuli/videos/study_videos_preprocessed/openness/high/BmDClgdWlH4.002.mp4,/Users/melikekara/Documents/GitHub/490-user-study/user_study_project/stimuli/videos/study_videos_preprocessed/openness/low/2DZb5yIc6Fg.003.mp4,BmDClgdWlH4.002.mp4,2DZb5yIc6Fg.003.mp4,first
DEMO001,12,Agreeableness,MvWDky9ZaWU.000.mp4,7UQt8QB3cQY.004.mp4,/Users/melikekara/Documents/GitHub/490-user-study/user_study_project/stimuli/videos/study_videos_preprocessed/agreeableness/high/MvWDky9ZaWU.000.mp4,/Users/melikekara/Documents/GitHub/490-user-study/user_study_project/stimuli/videos/study_videos_preprocessed/agreeableness/low/7UQt8QB3cQY.004.mp4,MvWDky9ZaWU.000.mp4,7UQt8QB3cQY.004.mp4,first
DEMO001,13,Emotional Stability,mlsiYewUwO0.002.mp4,Gk94xrcmFts.005.mp4,/Users/melikekara/Documents/GitHub/490-user-study/user_study_project/stimuli/videos/study_videos_preprocessed/emotional_stability/low/mlsiYewUwO0.002.mp4,/Users/melikekara/Documents/GitHub/490-user-study/user_study_project/stimuli/videos/study_videos_preprocessed/emotional_stability/high/Gk94xrcmFts.005.mp4,Gk94xrcmFts.005.mp4,mlsiYewUwO0.002.mp4,second
DEMO001,14,Conscientiousness,Jv2lyDcOmEM.002.mp4,jjFzwsootdM.000.mp4,/Users/melikekara/Documents/GitHub/490-user-study/user_study_project/stimuli/videos/study_videos_preprocessed/conscientiousness/low/Jv2lyDcOmEM.002.mp4,/Users/melikekara/Documents/GitHub/490-user-study/user_study_project/stimuli/videos/study_videos_preprocessed/conscientiousness/high/jjFzwsootdM.000.mp4,jjFzwsootdM.000.mp4,Jv2lyDcOmEM.002.mp4,second
DEMO001,15,Extraversion,3zAyM2edy1g.004.mp4,E6rptSS3kP4.000.mp4,/Users/melikekara/Documents/GitHub/490-user-study/user_study_project/stimuli/videos/study_videos_preprocessed/extraversion/low/3zAyM2edy1g.004.mp4,/Users/melikekara/Documents/GitHub/490-user-study/user_study_project/stimuli/videos/study_videos_preprocessed/extraversion/high/E6rptSS3kP4.000.mp4,E6rptSS3kP4.000.mp4,3zAyM2edy1g.004.mp4,second
DEMO001,16,Emotional Stability,C_NtwmmF2Ys.003.mp4,oC-qxnrmJws.003.mp4,/Users/melikekara/Documents/GitHub/490-user-study/user_study_project/stimuli/videos/study_videos_preprocessed/emotional_stability/high/C_NtwmmF2Ys.003.mp4,/Users/melikekara/Documents/GitHub/490-user-study/user_study_project/stimuli/videos/study_videos_preprocessed/emotional_stability/low/oC-qxnrmJws.003.mp4,C_NtwmmF2Ys.003.mp4,oC-qxnrmJws.003.mp4,first
DEMO001,17,Openness,3S8QUGYVf_w.003.mp4,_ZAqTHlu2ts.001.mp4,/Users/melikekara/Documents/GitHub/490-user-study/user_study_project/stimuli/videos/study_videos_preprocessed/openness/high/3S8QUGYVf_w.003.mp4,/Users/melikekara/Documents/GitHub/490-user-study/user_study_project/stimuli/videos/study_videos_preprocessed/openness/low/_ZAqTHlu2ts.001.mp4,3S8QUGYVf_w.003.mp4,_ZAqTHlu2ts.001.mp4,first
DEMO001,18,Agreeableness,7QeVs-mXmcI.003.mp4,TmyDT-HC3qI.001.mp4,/Users/melikekara/Documents/GitHub/490-user-study/user_study_project/stimuli/videos/study_videos_preprocessed/agreeableness/high/7QeVs-mXmcI.003.mp4,/Users/melikekara/Documents/GitHub/490-user-study/user_study_project/stimuli/videos/study_videos_preprocessed/agreeableness/low/TmyDT-HC3qI.001.mp4,7QeVs-mXmcI.003.mp4,TmyDT-HC3qI.001.mp4,first
DEMO001,19,Conscientiousness,iJGHwoJKEpA.002.mp4,UWVOT3YPQH4.001.mp4,/Users/melikekara/Documents/GitHub/490-user-study/user_study_project/stimuli/videos/study_videos_preprocessed/conscientiousness/low/iJGHwoJKEpA.002.mp4,/Users/melikekara/Documents/GitHub/490-user-study/user_study_project/stimuli/videos/study_videos_preprocessed/conscientiousness/high/UWVOT3YPQH4.001.mp4,UWVOT3YPQH4.001.mp4,iJGHwoJKEpA.002.mp4,second
DEMO001,20,Extraversion,fBMKlYUjA9E.003.mp4,oxw3nT9LSsg.000.mp4,/Users/melikekara/Documents/GitHub/490-user-study/user_study_project/stimuli/videos/study_videos_preprocessed/extraversion/high/fBMKlYUjA9E.003.mp4,/Users/melikekara/Documents/GitHub/490-user-study/user_study_project/stimuli/videos/study_videos_preprocessed/extraversion/low/oxw3nT9LSsg.000.mp4,fBMKlYUjA9E.003.mp4,oxw3nT9LSsg.000.mp4,first
DEMO001,21,Openness,JmAQlC-FEV8.003.mp4,jSw-grsJCnE.003.mp4,/Users/melikekara/Documents/GitHub/490-user-study/user_study_project/stimuli/videos/study_videos_preprocessed/openness/low/JmAQlC-FEV8.003.mp4,/Users/melikekara/Documents/GitHub/490-user-study/user_study_project/stimuli/videos/study_videos_preprocessed/openness/high/jSw-grsJCnE.003.mp4,jSw-grsJCnE.003.mp4,JmAQlC-FEV8.003.mp4,second
DEMO001,22,Conscientiousness,IzKWDY_QNTU.000.mp4,BLwgxAWf7cg.003.mp4,/Users/melikekara/Documents/GitHub/490-user-study/user_study_project/stimuli/videos/study_videos_preprocessed/conscientiousness/high/IzKWDY_QNTU.000.mp4,/Users/melikekara/Documents/GitHub/490-user-study/user_study_project/stimuli/videos/study_videos_preprocessed/conscientiousness/low/BLwgxAWf7cg.003.mp4,IzKWDY_QNTU.000.mp4,BLwgxAWf7cg.003.mp4,first
DEMO001,23,Extraversion,84emxO86qa8.005.mp4,-fXqnCljdm0.003.mp4,/Users/melikekara/Documents/GitHub/490-user-study/user_study_project/stimuli/videos/study_videos_preprocessed/extraversion/high/84emxO86qa8.005.mp4,/Users/melikekara/Documents/GitHub/490-user-study/user_study_project/stimuli/videos/study_videos_preprocessed/extraversion/low/-fXqnCljdm0.003.mp4,84emxO86qa8.005.mp4,-fXqnCljdm0.003.mp4,first
DEMO001,24,Openness,Wa-HX5jP3ew.003.mp4,O2wMPdp2-Is.002.mp4,/Users/melikekara/Documents/GitHub/490-user-study/user_study_project/stimuli/videos/study_videos_preprocessed/openness/low/Wa-HX5jP3ew.003.mp4,/Users/melikekara/Documents/GitHub/490-user-study/user_study_project/stimuli/videos/study_videos_preprocessed/openness/high/O2wMPdp2-Is.002.mp4,O2wMPdp2-Is.002.mp4,Wa-HX5jP3ew.003.mp4,second
DEMO001,25,Extraversion,PHv6CzBIC5E.004.mp4,FxVUG2R1y0Q.004.mp4,/Users/melikekara/Documents/GitHub/490-user-study/user_study_project/stimuli/videos/study_videos_preprocessed/extraversion/low/PHv6CzBIC5E.004.mp4,/Users/melikekara/Documents/GitHub/490-user-study/user_study_project/stimuli/videos/study_videos_preprocessed/extraversion/high/FxVUG2R1y0Q.004.mp4,FxVUG2R1y0Q.004.mp4,PHv6CzBIC5E.004.mp4,second
